[
	{
		"name": "Farm",
		"terrainsCanBeBuiltOn": ["Badlands", "Desert", "Swamp"],
		"food": 1,
		"turnsToBuild": 7,
		"uniques": [
			"Can also be built on tiles adjacent to fresh water",
			"[+1 Food, -1 Gold] from [Fresh water] tiles",
			"[+1 Food] <after discovering [Land Remediation]>",
			"Cannot be built on [Fissure] tiles",
			"Pillaging this improvement yields approximately [+10 Gold]"
		],
		"shortcutKey": "F"
	},
	{
		"name": "Tree plantation",
		"terrainsCanBeBuiltOn": ["Wasteland", "Tundra", "Badlands"],
		"production": 1,
		"turnsToBuild": 8,
		"techRequired": "Ecology",
		"uniques": [
			"Gives a defensive bonus of [10]%",
			"Cannot be built on [Badlands] tiles <before discovering [Hydroponics]>",
			"[+1 Food, -1 Gold] from [Fresh water] tiles",
			"[+1 Food, +1 Production] <after discovering [Land Remediation]>",
			"[+1 Food, +1 Production] <after discovering [Geo Engineering]>",
			"Pillaging this improvement yields approximately [+10 Gold]"
		],
		"shortcutKey": "T"
	},
	{
		"name": "Mine",
		"terrainsCanBeBuiltOn": ["Hill"],
		"production": 1,
		"turnsToBuild": 9,
		"techRequired": "Mining",
		"uniques": [
			"[+1 Production] <after discovering [Steam Power]>",
			"[+1 Production] <after discovering [Railroads]>",
			"Pillaging this improvement yields approximately [+10 Gold]"
		],
		"shortcutKey": "M"
	},
	{
		"name": "Pasture",
		"turnsToBuild": 7,
		"techRequired": "Redomestication",
		"uniques": [
			"[+1 Food] <after discovering [Genetics]>",
			"Can only be built to improve a resource",
			"Pillaging this improvement yields approximately [+10 Gold]"
		],
		"shortcutKey": "P"
	},
	{
		"name": "Moisture trap",
		"terrainsCanBeBuiltOn": [
			"Badlands",
			"Wasteland",
			"Desert",
			"Hill",
			"Forest",
			"Jungle",
			"Swamp",
			"Tundra",
			"Permafrost"
		],
		"gold": 1,
		"turnsToBuild": 5,
		"uniques": [
			"[+1 Gold] <after discovering [Plastics]>",
			"Pillaging this improvement yields approximately [+10 Gold]"
		],
		"shortcutKey": "E"
	},
	{
		"name": "Solar collector",
		"terrainsCanBeBuiltOn": [
			"Badlands",
			"Wasteland",
			"Desert"
		],
		"production": 1,
		"turnsToBuild": 14,
		"techRequired": "Electronics",
		"uniques": [
			"Provides [1] [Power]",
			"Pillaging this improvement yields approximately [+10 Gold]"
		],
		"shortcutKey": "L"
	},
	{
		"name": "Wind farm",
		"turnsToBuild": 10,
		"techRequired": "Steel",
		"uniques": [
			"Provides [1] [Power]",
			"Cannot be built on [Water] tiles <before discovering [Oceanography]>",
			"Can only be built to improve a resource",
			"Pillaging this improvement yields approximately [+10 Gold]"
		],
		"shortcutKey": "W"
	},
	{
		"name": "Nature preserve",
		"turnsToBuild": 10,
		"techRequired": "Atmosphere Remediation",
		"food": 2,
		"gold": 1,
		"culture": 1,
		"happiness": 1,
		"uniques": [
			"Cannot be built on [Bonus resource] tiles",
			"Cannot be built on [Strategic resource] tiles",
			"Cannot be built on [Luxury resource] tiles",
			"Pillaging this improvement yields approximately [+10 Gold]"
		],
		"terrainsCanBeBuiltOn": ["Badlands"],
		"shortcutKey": "N"
	},
	{
		"name": "Artificial oasis",
		"turnsToBuild": 10,
		"techRequired": "Geo Engineering",
		"food": 3,
		"gold": 1,
		"uniques": [
			"Cannot be built on [Bonus resource] tiles",
			"Cannot be built on [Strategic resource] tiles",
			"Cannot be built on [Luxury resource] tiles",
			"Pillaging this improvement yields approximately [+10 Gold]"
		],
		"terrainsCanBeBuiltOn": ["Desert"],
		"shortcutKey": "A"
	},
	{
		"name": "Artificial glacier",
		"terrainsCanBeBuiltOn": ["Permafrost"],
		"gold": 3,
		"production": 1,
		"food": 1,
		"turnsToBuild": 10,
		"techRequired": "Geo Engineering",
		"uniques": [
			"Gives a defensive bonus of [10]%",
			"Cannot be built on [Bonus resource] tiles",
			"Cannot be built on [Strategic resource] tiles",
			"Cannot be built on [Luxury resource] tiles",
			"Pillaging this improvement yields approximately [+10 Gold]"
		],
		"shortcutKey": "G"
	},
	{
		"name": "Grassland",
		"terrainsCanBeBuiltOn": ["Badlands","Wasteland","Desert"],
		"turnsToBuild": 10,
		"food": 1,
		"techRequired": "Land Remediation",
		"uniques": [
		    "Cannot be built on [Desert] tiles <before discovering [Geo Engineering]>",
			"[+1 Food, +1 Happiness] for each adjacent [Tree plantation]",
			"[+3 Culture] for each adjacent [Nature preserve]",
			"Pillaging this improvement yields approximately [+10 Gold]"
		],
		"shortcutKey": "G"
	},
	{
		"name": "Borough",
		"terrainsCanBeBuiltOn": ["Forest","Jungle"],
		"turnsToBuild": 15,
		"techRequired": "Computers",
		"production": 1,
		"food": 2,
		"uniques": [
			"Does not need removal of [Forest]",
			"Does not need removal of [Jungle]",
			"[+1 Science] <after discovering [Artificial Intelligence]>",
			"Pillaging this improvement yields approximately [+10 Gold]"
		],
		"shortcutKey": "H"
	},

	// Resource-specific
	{
		"name": "Research site",
		"turnsToBuild": 7,
		"techRequired": "Secrets of the Past",
		"uniques": [
			"Does not need removal of [Forest]",
			"Does not need removal of [Jungle]",
			"[+1 Science] <after discovering [Computers]>",
			"Can only be built to improve a resource",
			"Pillaging this improvement yields approximately [+10 Gold]"
		],
		"shortcutKey": "H"
	},
	{
		"name": "Salvage site",
		"turnsToBuild": 5,
		"uniques": [
			"Does not need removal of [Forest]",
			"Does not need removal of [Jungle]",
			"[+1 Production] <after discovering [Manufacturing]>",
			"Can only be built to improve a resource",
			"Pillaging this improvement yields approximately [+10 Gold]"
		],
		"shortcutKey": "S"
	},
	{
		"name": "Water pump",
		"terrainsCanBeBuiltOn": ["Spring"],
		"gold": 3,
		"turnsToBuild": 7,
		"techRequired": "Iron Working",
		"uniques": [
			"[+1 Gold] <after discovering [Decontamination]>",
			"Pillaging this improvement yields approximately [+10 Gold]"
		],
		"shortcutKey": "W"
	},
	{
		"name": "Camp",
		"turnsToBuild": 5,
		"uniques": [
			"Does not need removal of [Forest]",
			"Does not need removal of [Jungle]",
			"[+1 Food] <after discovering [Ecology]>",
			"[+1 Food] <after discovering [Genetics]>",
			"Can only be built to improve a resource",
			"Pillaging this improvement yields approximately [+10 Gold]"
		],
		"shortcutKey": "C"
	},
	{
		"name": "Oil well",
		"turnsToBuild": 9,
		"techRequired": "Machinery",
		"uniques": [
			"Provides [1] [Oil]",
			"Cannot be built on [Water] tiles <before discovering [Oceanography]>",
			"Can only be built to improve a resource",
			"Pillaging this improvement yields approximately [+10 Gold]"
		],
		"shortcutKey": "W"
	},
	{
		"name": "Energy farm",
		"terrainsCanBeBuiltOn": ["Swamp"],
		"production": 1,
		"gold": -1,
		"turnsToBuild": 7,
		"techRequired": "Biology",
		"uniques": [
			"Can also be built on tiles adjacent to fresh water",
			"Provides [1] [Oil]",
			"Pillaging this improvement yields approximately [+10 Gold]"
		],
		"shortcutKey": "Y"
	},
	{
		"name": "Fishing Boats",
		"turnsToBuild": 7,
		"techRequired": "Sailing",
		"uniques": [
			"[+1 Food] <after discovering [Ocean Remediation]>",
			"Can only be built to improve a resource",
			"Pillaging this improvement yields approximately [+10 Gold]"
		]
	},

	// Military improvement
	{
		"name": "Fort",
		"terrainsCanBeBuiltOn": [
			"Badlands",
			"Wasteland",
			"Desert",
			"Hill",
			"Tundra",
			"Permafrost"
		],
		"turnsToBuild": 6,
		"techRequired": "Engineering",
		"uniques": [
			"Gives a defensive bonus of [50]%",
			"Can be built outside your borders"
		],
		"shortcutKey": "O"
	},

	// Transportation
	{
		"name": "Road",
		"turnsToBuild": 4,
		"terrainsCanBeBuiltOn": ["Land"],
		"techRequired": "Construction",
		"uniques": [
			"Can be built outside your borders",
			"Costs [1] gold per turn when in your territory"
		],
		"shortcutKey": "R"
	},
	{
		"name": "Railroad",
		"turnsToBuild": 10,
		"terrainsCanBeBuiltOn": ["Land"],
		"techRequired": "Railroads",
		"uniques": [
			"Can be built outside your borders",
			"Costs [2] gold per turn when in your territory"
		],
		"shortcutKey": "R"
	},
	// Removals
	{
		"name": "Remove Forest", // Remove Rubble
		"turnsToBuild": 4,
		"terrainsCanBeBuiltOn": ["Forest"],
		"uniques": ["Can be built outside your borders"],
		"shortcutKey": "X"
	},
	{
		"name": "Remove Jungle", // Remove Ruins
		"turnsToBuild": 7,
		"terrainsCanBeBuiltOn": ["Jungle"],
		"techRequired": "Construction",
		"uniques": ["Can be built outside your borders"],
		"shortcutKey": "X"
	},
	{
		"name": "Remove Fallout",
		"turnsToBuild": 12,
		"terrainsCanBeBuiltOn": ["Fallout"],
		"techRequired": "Decontamination",
		"uniques": ["Can be built outside your borders"],
		"shortcutKey": "X"
	},
	{
		"name": "Remove Toxic Waste",
		"turnsToBuild": 15,
		"terrainsCanBeBuiltOn": ["Toxic Waste"],
		"techRequired": "Decontamination",
		"uniques": ["Can be built outside your borders"],
		"shortcutKey": "X"
	},
	// These are unique and have unique in-game checks related to them
	{
		"name": "Remove Road",
		"turnsToBuild": 2,
		"uniques": ["Can be built outside your borders"]
	},
	{
		"name": "Remove Railroad",
		"turnsToBuild": 2,
		"uniques": ["Can be built outside your borders"]
	},
	{
		"name": "Cancel improvement order",
		"uniques": ["Can be built outside your borders"],
		"shortcutKey": "."
	},
        // Purely for turnsToBuild and civilopediaText. Unbuildable so it doesn't show in ImprovementPicker
        {
                "name": "Repair",
                "terrainsCanBeBuiltOn": ["Land"],
                "turnsToBuild": 2,
                "shortcutKey": "E",
                "uniques": ["Unbuildable"],
                "civilopediaText": [{"text":"Repairs a pillaged Improvement or Route"}]
        },
	// Great Person improvements
	{
		"name": "Academy",
		"science": 4,
		"terrainsCanBeBuiltOn": ["Land"],
		"uniques": [
			"Great Improvement",
			"Gives a defensive bonus of [10]%",
			"[+2 Science] <after discovering [Electronics]>",
			"[+2 Science] <after discovering [Decryption]>",
			"Removes removable features when built",
			"Pillaging this improvement yields approximately [+20 Gold]"
		]
	},
	{
		"name": "Settlement",
		"gold": 1,
		"culture": 1,
		"terrainsCanBeBuiltOn": ["Land"],
		"uniques": [
			"Great Improvement",
			"Gives a defensive bonus of [10]%",
			"[+1 Science] for each adjacent [Forest]",
			"[+1 Science] for each adjacent [Jungle]",
			"[+1 Food] for each adjacent [Farm]",
			"[+1 Gold] <after discovering [Currency]>",
			"[+1 Culture] <after discovering [Civil Service]>",
			"Removes removable features when built",
			"Can be built just outside your borders",
			"Constructing it will take over the tiles around it and assign them to your closest city",
			"Pillaging this improvement yields approximately [+20 Gold]"
		]
	},
	{
		"name": "Outpost",
		"production": 2,
		"terrainsCanBeBuiltOn": ["Land"],
		"uniques": [
			"Great Improvement",
			"Gives a defensive bonus of [50]%",
			"Adjacent enemy units ending their turn take [30] damage",
			"Provides [1] [Slaves]",
			"Removes removable features when built",
			"Can be built just outside your borders",
			"Constructing it will take over the tiles around it and assign them to your closest city",
			"Pillaging this improvement yields approximately [+20 Gold]"
		]
	},
	{
		"name": "Narcotics farm",
		"culture": 2,
		"terrainsCanBeBuiltOn": ["Land"],
		"uniques": [
			"Great Improvement",
			"Provides [1] [Narcotics]",
			"Removes removable features when built",
			"Pillaging this improvement yields approximately [+20 Gold]"
		]
	},
	{
		"name": "Prison farm",
		"production": 2,
		"terrainsCanBeBuiltOn": ["Land"],
		"uniques": [
			"Great Improvement",
			"Provides [1] [Slaves]",
			"[+1 Food, -1 Gold] from [Fresh water] tiles",
			"[+1 Food] <after discovering [Land Remediation]>",
			"Removes removable features when built",
			"Pillaging this improvement yields approximately [+20 Gold]"
		]
	},
	{
		"name": "Oracle",
		"faith": 4,
		"culture": 1,
		"happiness": 1,
		"terrainsCanBeBuiltOn": ["Land"],
		"uniques": [
			"Great Improvement",
			"Gives a defensive bonus of [10]%",
			"Provides [1] [Oil]",
			"Provides [1] [Oil] <after discovering [Biology]>",
			"Removes removable features when built",
			"[+1 Culture, +1 Faith] <after discovering [Chemistry]>",
			"Pillaging this improvement yields approximately [+20 Gold]"
		]
	},
	{
		"name": "Manufactory",
		"production": 3,
		"terrainsCanBeBuiltOn": ["Land"],
		"uniques": [
			"Great Improvement",
			"Gives a defensive bonus of [10]%",
			"[+1 Production] <after discovering [Steam Power]>",
			"[+1 Production] <after discovering [Railroads]>",
			"[+1 Production] <after discovering [Electronics]>",
			"[+1 Production, +1 Science] <after discovering [Robotics]>",
			"Removes removable features when built",
			"Pillaging this improvement yields approximately [+20 Gold]"
		]
	},
	{
		"name": "Citadel",
		"science": 3,
		"gold": 2,
		"terrainsCanBeBuiltOn": ["Land"],
		"uniques": [
			"Gives a defensive bonus of [100]%",
			"Adjacent enemy units ending their turn take [30] damage",
			"Great Improvement",
			"Constructing it will take over the tiles around it and assign them to your closest city",
			"Can be built just outside your borders",
			"Removes removable features when built"
		],
		"civilopediaText": [
			{
				"text": "Constructing it will take over the tiles around it and assign them to your closest city"
			}
		]
	},
	{
		"name": "Seminary",
		"faith": 3,
		"terrainsCanBeBuiltOn": ["Land"],
		"uniques": [
			"Great Improvement",
			"Gives a defensive bonus of [10]%",
			"[+1 Culture, +1 Faith] <after discovering [Education]>",
			"Removes removable features when built",
			"Pillaging this improvement yields approximately [+20 Gold]"
		]
	},
	{
		"name": "Crystal Refinery",
		"science": 2,
		"gold": 1,
		"terrainsCanBeBuiltOn": ["Land"],
		"uniques": [
			"[+2 Science, +1 Gold] for each adjacent [C1F3 Refinery]",
			"[+2 Science, +1 Gold] for each adjacent [C2N14 Refinery]",
			"[+2 Science, +1 Gold] for each adjacent [C8H17 Refinery]",
			"[+2 Science, +1 Gold] for each adjacent [SbF5 Refinery]",
			"[+2 Science, +1 Gold] for each adjacent [VX Refinery]",
			"Gives a defensive bonus of [100]%",
			"Adjacent enemy units ending their turn take [30] damage",
			"Great Improvement",
			"Can be built just outside your borders",
			"Constructing it will take over the tiles around it and assign them to your closest city",
			"Removes removable features when built",
			"Pillaging this improvement yields approximately [+20 Gold]"
		],
		"civilopediaText": [
			{
				"text": "Constructing it will take over the tiles around it and assign them to your closest city"
			}
		]
	},
	//Civ-Exclusive
	{
		"name": "C1F3 Refinery",
		"production": 1,
		"terrainsCanBeBuiltOn": ["Land"],
		"uniqueTo": "Hexlock",
		"uniques": [
		"Refinery",
		"Provides [1] [C1F3]",
		"Gives a defensive bonus of [10]%",
		"Pillaging this improvement yields approximately [+10 Gold]"
		]
    },
	{
		"name": "C2N14 Refinery",
		"gold": 2,
		"terrainsCanBeBuiltOn": ["Land"],
		"uniqueTo": "Hexlock",
		"uniques": [
		"Refinery",
		"Provides [1] [C2N14]",
		"Gives a defensive bonus of [10]%",
		"Pillaging this improvement yields approximately [+10 Gold]"
		]
    },
	{
		"name": "C8H17 Refinery",
		"culture": 1,
		"terrainsCanBeBuiltOn": ["Land"],
		"uniqueTo": "Hexlock",
		"uniques": [
		"Refinery",
		"Provides [1] [C8H17]",
		"Gives a defensive bonus of [10]%",
		"Pillaging this improvement yields approximately [+10 Gold]"
		]
    },
	{
		"name": "SbF5 Refinery",
		"science": 1,
		"terrainsCanBeBuiltOn": ["Land"],
		"uniqueTo": "Hexlock",
		"uniques": [
		"Refinery",
		"Provides [1] [SbF5]",
		"Gives a defensive bonus of [10]%",
		"Pillaging this improvement yields approximately [+10 Gold]"
		]
    },
	{
		"name": "VX Refinery",
		"faith": 1,
		"terrainsCanBeBuiltOn": ["Land"],
		"uniqueTo": "Hexlock",
		"uniques": [
		"Refinery",
		"Provides [1] [VX]",
		"Gives a defensive bonus of [10]%",
		"Pillaging this improvement yields approximately [+10 Gold]"
		]
    },
	//General
	{
		"name": "City center",
		"terrainsCanBeBuiltOn": ["Land"],
		"uniques": [
			"Unpillagable",
			"Irremovable",
			"Unbuildable"
		],
		"civilopediaText": [
			{
				"text": "Marks the center of a city"
			},
			{
				"text": "Appearance changes with the technological era of the owning civilization"
			}
		]
	},
	{
		"name": "Survivor camp",
		"terrainsCanBeBuiltOn": ["Land"],
		"uniques": [
			"Unpillagable",
			"Provides a random bonus when entered",
			"Unbuildable"
		]
	},
	{
		"name": "City ruins",
		"terrainsCanBeBuiltOn": ["Land"],
		"uniques": [
			"Gives a defensive bonus of [10]%",
			"Unpillagable",
			"Unbuildable",
			"Will be replaced by automated workers"
		]
	},
	{
		"name": "Barbarian encampment",
		"terrainsCanBeBuiltOn": ["Land"],
		"uniques": [
			"Gives a defensive bonus of [25]%",
			"Unpillagable",
			"Unbuildable"
		]
	}
]
