[
	{
		"name": "Civilian",
		"movementType": "Land"
	},
	{
		"name": "Scrapper", // Melee
        "uniques": ["Cannot intercept [Stealth Fighter] units","Cannot intercept [Stealth Bomber] units"],
		"movementType": "Land"
	},
	{
		"name": "Shooter", // Ranged
		 "uniques": ["Cannot intercept [Stealth Fighter] units","Cannot intercept [Stealth Bomber] units"],
		"movementType": "Land"
	},
	{
		"name": "Scout",
		"uniques": ["Cannot intercept [Stealth Fighter] units","Cannot intercept [Stealth Bomber] units"],
		"movementType": "Land"
	},
	{
		"name": "Mounted",
		"uniques": ["Cannot intercept [Stealth Fighter] units","Cannot intercept [Stealth Bomber] units"],
		"movementType": "Land"
	},
	{
		"name": "Armor",
		 "uniques": ["Cannot intercept [Stealth Fighter] units","Cannot intercept [Stealth Bomber] units"],
		"movementType": "Land"
	},
	{
		"name": "Siege",
		"uniques": ["Cannot intercept [Stealth Fighter] units","Cannot intercept [Stealth Bomber] units"],
		"movementType": "Land"
	},
	{
		"name": "Civilian Water",
		"movementType": "Water"
	},
	{
		"name": "Melee Water",
		"movementType": "Water",
		"uniques": ["Can move after attacking","Cannot intercept [Stealth Fighter] units","Cannot intercept [Stealth Bomber] units"]
	},
	{
		"name": "Ranged Water",
		"movementType": "Water",
		"uniques": ["Cannot intercept [Stealth Fighter] units","Cannot intercept [Stealth Bomber] units"]
	},
	{
		"name": "Submarine",
		"movementType": "Water",
		"uniques": [
			"Can enter ice tiles",
			"Invisible to non-adjacent units",
			"Can see invisible [Submarine] units",
			"Cannot intercept [Stealth Fighter] units",
			"Cannot intercept [Stealth Bomber] units"
		]
	},
	{
		"name": "Aircraft Carrier",
		"uniques": ["Cannot intercept [Stealth Fighter] units","Cannot intercept [Stealth Bomber] units"],
		"movementType": "Water"
	},
	{
		"name": "Fighter",
		"movementType": "Air",
		"uniques": ["Aircraft", "[+4] Sight", "Can see over obstacles", "Can perform Air Sweep"]
	},
	{
		"name": "Bomber",
		"movementType": "Air",
		"uniques": ["Aircraft"]
	},
	{
		"name": "Missile",
		"movementType": "Air",
		"uniques": ["Self-destructs when attacking","[+4] Range <after discovering [Satellites]>","Cannot be intercepted"]
	},
	{
		"name": "Helicopter",
		"movementType": "Land",
		"uniques": [
			"Can pass through impassable tiles",
			"All tiles cost 1 movement",
			"No defensive terrain bonus",
			"Ignores Zone of Control",
			"Can see over obstacles",
			"Defense bonus when embarked",
			"Normal vision when embarked",
			"Eliminates combat penalty for attacking across a coast",
			"Eliminates combat penalty for attacking over a river",
			"May attack when embarked",
			"[1] Movement point cost to disembark",
			"[1] Movement point cost to embark"
		]
	}
]
